상호명,시도명,시군구명
스타벅스강릉안목항점,강원도,강릉시
스타벅스춘천후평DT점,강원도,춘천시
스타벅스,강원도,춘천시
스타벅스설악워터피아점,강원도,속초시
스타벅스,강원도,원주시
스타벅스,강원도,춘천시
스타벅스,강원도,춘천시
스타벅스,강원도,속초시
스타벅스,강원도,원주시
스타벅스,강원도,강릉시
스타벅스,강원도,원주시
스타벅스,강원도,인제군
스타벅스,강원도,평창군
스타벅스,강원도,평창군
스타벅스,강원도,원주시
스타벅스,강원도,원주시
스타벅스춘천석사DT점,강원도,춘천시
스타벅스,강원도,평창군
스타벅스,강원도,춘천시
스타벅스,강원도,원주시
스타벅스,강원도,춘천시
스타벅스,강원도,강릉시
스타벅스,강원도,동해시
스타벅스,강원도,인제군
스타벅스,강원도,홍천군
스타벅스,강원도,춘천시
스타벅스커피원주혁신도시,강원도,원주시
스타벅스,강원도,원주시
스타벅스,강원도,속초시
스타벅스,강원도,춘천시
스타벅스,강원도,속초시
스타벅스,강원도,홍천군
스타벅스,강원도,강릉시
스타벅스,강원도,횡성군
스타벅스,강원도,고성군
스타벅스,경기도,성남시 분당구
스타벅스커피분당서울대병원4층,경기도,성남시 분당구
스타벅스판교하이펙스,경기도,성남시 분당구
스타벅스,경기도,용인시 기흥구
스타벅스,경기도,성남시 분당구
스타벅스,경기도,화성시
스타벅스,경기도,수원시 팔달구
스타벅스,경기도,고양시 일산동구
스타벅스정자아데나점,경기도,성남시 분당구
스타벅스김포이마트점,경기도,김포시
스타벅스,경기도,수원시 영통구
스타벅스,경기도,파주시
스타벅스,경기도,성남시 분당구
스타벅스,경기도,광명시
스타벅스커피마장휴게소,경기도,이천시
스타벅스,경기도,수원시 영통구
스타벅스,경기도,화성시
스타벅스,경기도,부천시
스타벅스,경기도,안산시 단원구
스타벅스,경기도,파주시
스타벅스,경기도,고양시 일산서구
스타벅스,경기도,성남시 분당구
스타벅스,경기도,안산시 상록구
스타벅스,경기도,부천시
스타벅스,경기도,군포시
스타벅스,경기도,용인시 기흥구
스타벅스,경기도,수원시 팔달구
스타벅스광명사거리역점,경기도,광명시
스타벅스,경기도,안산시 단원구
스타벅스,경기도,안산시 상록구
스타벅스야탑글라스점,경기도,성남시 분당구
스타벅스,경기도,포천시
스타벅스,경기도,고양시 일산동구
스타벅스,경기도,평택시
스타벅스,경기도,부천시
스타벅스,경기도,안산시 단원구
스타벅스,경기도,의정부시
스타벅스,경기도,남양주시
스타벅스,경기도,수원시 팔달구
스타벅스,경기도,고양시 일산동구
스타벅스용인동백DT점,경기도,용인시 기흥구
스타벅스,경기도,의정부시
스타벅스,경기도,하남시
스타벅스,경기도,의정부시
스타벅스,경기도,용인시 기흥구
스타벅스,경기도,김포시
스타벅스,경기도,성남시 분당구
스타벅스과천점,경기도,과천시
씨제이대한통운덕평스타벅스센터,경기도,이천시
스타벅스,경기도,고양시 덕양구
스타벅스이천터미널,경기도,이천시
스타벅스김포풍무점,경기도,김포시
스타벅스,경기도,파주시
스타벅스,경기도,시흥시
스타벅스동수원,경기도,수원시 팔달구
스타벅스경기광주점,경기도,광주시
스타벅스,경기도,하남시
스타벅스커피용인처인구청,경기도,용인시 처인구
스타벅스,경기도,이천시
스타벅스,경기도,고양시 덕양구
스타벅스,경기도,의왕시
스타벅스,경기도,화성시
스타벅스,경기도,남양주시
스타벅스,경기도,남양주시
스타벅스,경기도,성남시 분당구
스타벅스,경기도,고양시 덕양구
스타벅스,경기도,오산시
스타벅스,경기도,김포시
스타벅스,경기도,안성시
스타벅스아주대병원점,경기도,수원시 영통구
스타벅스,경기도,양주시
스타벅스,경기도,안양시 만안구
스타벅스,경기도,고양시 일산동구
스타벅스,경기도,화성시
스타벅스,경기도,고양시 덕양구
스타벅스,경기도,김포시
스타벅스,경기도,양평군
스타벅스,경기도,안양시 동안구
스타벅스,경기도,고양시 덕양구
스타벅스,경기도,수원시 장안구
스타벅스,경기도,안양시 동안구
스타벅스,경기도,시흥시
스타벅스,경기도,화성시
스타벅스,경기도,김포시
스타벅스,경기도,안성시
스타벅스,경기도,화성시
스타벅스,경기도,화성시
스타벅스,경기도,용인시 처인구
스타벅스,경기도,광주시
스타벅스의정부녹양DT점,경기도,의정부시
스타벅스,경기도,의정부시
스타벅스,경기도,광주시
스타벅스,경기도,김포시
스타벅스,경기도,수원시 권선구
스타벅스,경기도,평택시
스타벅스,경기도,안양시 만안구
스타벅스,경기도,하남시
스타벅스,경기도,수원시 팔달구
스타벅스,경기도,시흥시
스타벅스,경기도,김포시
스타벅스,경기도,부천시
스타벅스,경기도,용인시 처인구
스타벅스,경기도,시흥시
스타벅스,경기도,평택시
스타벅스,경기도,하남시
스타벅스,경기도,성남시 중원구
스타벅스,경기도,양주시
스타벅스,경기도,광명시
스타벅스,경기도,남양주시
스타벅스,경기도,용인시 기흥구
스타벅스,경기도,부천시
스타벅스,경기도,남양주시
스타벅스,경기도,광명시
스타벅스,경기도,양주시
스타벅스,경기도,동두천시
스타벅스,경기도,성남시 분당구
스타벅스,경기도,수원시 영통구
스타벅스,경기도,하남시
스타벅스,경기도,고양시 덕양구
스타벅스,경기도,성남시 분당구
스타벅스,경기도,부천시
스타벅스,경기도,김포시
스타벅스커피분당서울대병원1층,경기도,성남시 분당구
스타벅스김포풍무DT,경기도,김포시
스타벅스,경기도,용인시 수지구
스타벅스,경기도,김포시
스타벅스,경기도,용인시 수지구
스타벅스,경기도,김포시
스타벅스,경기도,광명시
스타벅스,경기도,성남시 분당구
스타벅스,경기도,성남시 분당구
스타벅스,경기도,성남시 분당구
스타벅스,경기도,용인시 수지구
스타벅스,경기도,화성시
스타벅스,경기도,부천시
스타벅스김포감정DT,경기도,김포시
스타벅스,경기도,성남시 수정구
스타벅스,경기도,고양시 일산서구
스타벅스안양석수DT점,경기도,안양시 만안구
스타벅스남양주진접DT점,경기도,남양주시
스타벅스,경기도,성남시 분당구
스타벅스,경기도,고양시 일산동구
스타벅스리버사이드팔당DT점,경기도,남양주시
스타벅스과천이마트,경기도,과천시
스타벅스,경기도,용인시 수지구
스타벅스,경기도,여주시
스타벅스,경기도,이천시
스타벅스동두천DT점,경기도,동두천시
스타벅스,경기도,안산시 단원구
스타벅스철산로데오점,경기도,광명시
스타벅스,경기도,성남시 분당구
스타벅스,경기도,이천시
스타벅스,경기도,용인시 기흥구
스타벅스,경기도,남양주시
스타벅스,경기도,고양시 일산서구
스타벅스,경기도,성남시 분당구
스타벅스,경기도,포천시
스타벅스,경기도,파주시
스타벅스용인시청DT,경기도,용인시 처인구
스타벅스,경기도,수원시 영통구
스타벅스커피행신역,경기도,고양시 덕양구
스타벅스정자,경기도,성남시 분당구
스타벅스,경기도,오산시
스타벅스,경기도,성남시 분당구
스타벅스,경기도,안양시 동안구
스타벅스,경기도,성남시 분당구
스타벅스,경기도,광주시
스타벅스,경기도,화성시
스타벅스분당정자,경기도,성남시 분당구
스타벅스,경기도,안양시 동안구
스타벅스,경기도,고양시 일산서구
스타벅스,경기도,부천시
스타벅스,경기도,안양시 동안구
스타벅스,경기도,남양주시
스타벅스,경기도,군포시
스타벅스,경기도,파주시
스타벅스판교에이치스퀘어,경기도,성남시 분당구
스타벅스,경기도,광명시
스타벅스,경기도,고양시 덕양구
스타벅스평택험프리점,경기도,평택시
스타벅스,경기도,안양시 동안구
스타벅스판교역,경기도,성남시 분당구
스타벅스중동이마트,경기도,부천시
스타벅스,경기도,성남시 분당구
스타벅스,경기도,성남시 분당구
스타벅스,경기도,안양시 만안구
스타벅스,경기도,화성시
스타벅스,경기도,성남시 분당구
스타벅스,경기도,성남시 분당구
스타벅스,경기도,하남시
스타벅스,경기도,부천시
스타벅스,경기도,하남시
스타벅스,경기도,수원시 권선구
스타벅스,경기도,고양시 일산서구
스타벅스,경기도,광명시
스타벅스,경기도,남양주시
스타벅스,경기도,수원시 장안구
스타벅스,경기도,수원시 팔달구
스타벅스,경기도,용인시 기흥구
스타벅스커피백석중앙로,경기도,고양시 일산동구
스타벅스,경기도,포천시
스타벅스,경기도,구리시
스타벅스,경기도,이천시
스타벅스,경기도,고양시 일산동구
스타벅스,경기도,성남시 분당구
스타벅스,경기도,남양주시
스타벅스안양호계DT,경기도,안양시 동안구
스타벅스,경기도,시흥시
스타벅스,경기도,고양시 덕양구
STARBUCKSCOFFEE,경기도,성남시 분당구
스타벅스,경기도,수원시 영통구
스타벅스,경기도,남양주시
스타벅스,경기도,양주시
스타벅스,경기도,용인시 수지구
스타벅스,경기도,고양시 일산서구
스타벅스신세계하남2F점,경기도,하남시
스타벅스,경기도,오산시
스타벅스,경기도,고양시 일산서구
스타벅스,경기도,의정부시
스타벅스,경기도,하남시
스타벅스,경기도,수원시 영통구
스타벅스,경기도,여주시
스타벅스,경기도,군포시
스타벅스,경기도,광명시
스타벅스,경기도,광주시
스타벅스,경기도,안성시
스타벅스,경기도,수원시 영통구
스타벅스,경기도,과천시
스타벅스,경기도,양주시
스타벅스,경기도,고양시 일산서구
스타벅스,경기도,용인시 수지구
스타벅스,경기도,화성시
스타벅스,경기도,안성시
스타벅스,경기도,화성시
스타벅스,경기도,수원시 팔달구
스타벅스,경기도,화성시
스타벅스,경기도,부천시
스타벅스,경기도,수원시 팔달구
스타벅스,경기도,안산시 단원구
스타벅스,경기도,성남시 분당구
스타벅스서현골든프라자,경기도,성남시 분당구
스타벅스,경기도,의정부시
스타벅스,경기도,화성시
스타벅스,경기도,고양시 일산동구
스타벅스,경기도,수원시 장안구
스타벅스,경기도,성남시 분당구
스타벅스,경기도,구리시
스타벅스파주금릉역,경기도,파주시
스타벅스,경기도,의정부시
스타벅스,경기도,고양시 일산동구
스타벅스,경기도,수원시 영통구
스타벅스,경기도,양주시
스타벅스,경기도,고양시 일산서구
스타벅스,경기도,양평군
스타벅스,경기도,용인시 수지구
스타벅스,경기도,수원시 권선구
스타벅스,경기도,용인시 기흥구
스타벅스,경기도,성남시 수정구
스타벅스이천사음DT점,경기도,이천시
스타벅스,경기도,의정부시
스타벅스,경기도,양평군
스타벅스커피신영통DT,경기도,화성시
스타벅스,경기도,부천시
스타벅스,경기도,수원시 영통구
스타벅스,경기도,포천시
스타벅스,경기도,성남시 분당구
스타벅스,경기도,안양시 동안구
스타벅스,경기도,군포시
스타벅스,경기도,시흥시
스타벅스,경기도,광명시
스타벅스,경기도,오산시
스타벅스,경기도,고양시 덕양구
스타벅스,경기도,성남시 수정구
스타벅스수원권선DT점,경기도,수원시 권선구
스타벅스,경기도,성남시 분당구
스타벅스,경기도,화성시
스타벅스,경기도,수원시 장안구
스타벅스,경기도,성남시 분당구
스타벅스,경기도,군포시
스타벅스,경기도,파주시
스타벅스,경기도,고양시 일산서구
스타벅스,경기도,용인시 기흥구
스타벅스,경기도,안양시 동안구
스타벅스,경기도,고양시 일산동구
스타벅스,경기도,용인시 기흥구
스타벅스,경기도,화성시
스타벅스,경기도,고양시 일산동구
스타벅스,경기도,구리시
스타벅스,경기도,수원시 권선구
스타벅스,경기도,평택시
스타벅스,경기도,시흥시
스타벅스,경기도,안양시 동안구
스타벅스,경기도,의정부시
스타벅스,경기도,안양시 동안구
스타벅스,경기도,부천시
스타벅스,경기도,오산시
스타벅스,경기도,용인시 기흥구
스타벅스,경기도,수원시 영통구
스타벅스,경기도,고양시 일산서구
스타벅스,경기도,평택시
스타벅스일산,경기도,고양시 일산서구
스타벅스,경기도,부천시
스타벅스,경기도,수원시 권선구
스타벅스,경기도,고양시 일산서구
스타벅스광교아브뉴프랑점,경기도,수원시 영통구
스타벅스,경기도,화성시
스타벅스,경기도,고양시 일산서구
스타벅스,경기도,성남시 분당구
스타벅스정자아데나,경기도,성남시 분당구
스타벅스서판교점,경기도,성남시 분당구
스타벅스,경기도,포천시
스타벅스,경기도,고양시 일산서구
스타벅스,경기도,성남시 분당구
스타벅스,경기도,가평군
스타벅스,경기도,수원시 권선구
스타벅스,경기도,용인시 수지구
스타벅스오리역삼거리,경기도,성남시 분당구
스타벅스,경기도,용인시 기흥구
스타벅스,경기도,성남시 분당구
스타벅스,경기도,김포시
스타벅스평촌역사거리점,경기도,안양시 동안구
스타벅스,경기도,성남시 분당구
스타벅스,경기도,성남시 중원구
스타벅스분당정자분당정자점,경기도,성남시 분당구
스타벅스,경기도,부천시
스타벅스,경기도,부천시
스타벅스,경기도,오산시
스타벅스,경기도,평택시
스타벅스,경기도,시흥시
스타벅스,경기도,가평군
스타벅스,경기도,안양시 동안구
스타벅스,경기도,의왕시
스타벅스,경기도,하남시
스타벅스,경기도,고양시 덕양구
스타벅스,경기도,수원시 권선구
스타벅스,경기도,화성시
스타벅스,경기도,안성시
스타벅스,경기도,광주시
스타벅스,경기도,안성시
스타벅스,경기도,양주시
스타벅스,경기도,용인시 처인구
스타벅스,경기도,용인시 수지구
스타벅스,경기도,구리시
스타벅스,경기도,안양시 동안구
스타벅스,경기도,파주시
스타벅스,경기도,수원시 영통구
스타벅스,경상남도,진주시
스타벅스,경상남도,거제시
스타벅스,경상남도,김해시
스타벅스,경상남도,김해시
스타벅스,경상남도,창원시 마산합포구
스타벅스,경상남도,진주시
스타벅스,경상남도,김해시
스타벅스,경상남도,창원시 성산구
스타벅스,경상남도,진주시
스타벅스진주칠암DT점,경상남도,진주시
스타벅스진주신안점,경상남도,진주시
스타벅스,경상남도,양산시
스타벅스,경상남도,김해시
스타벅스,경상남도,창원시 의창구
스타벅스,경상남도,산청군
스타벅스,경상남도,창원시 성산구
스타벅스,경상남도,사천시
스타벅스,경상남도,밀양시
스타벅스,경상남도,창원시 성산구
스타벅스,경상남도,창원시 마산합포구
스타벅스,경상남도,거제시
스타벅스,경상남도,창원시 진해구
스타벅스창원리베라점,경상남도,창원시 성산구
스타벅스,경상남도,창원시 마산회원구
스타벅스,경상남도,밀양시
스타벅스,경상남도,창원시 성산구
스타벅스,경상남도,양산시
스타벅스,경상남도,창원시 진해구
스타벅스,경상남도,밀양시
스타벅스삼성창원병원,경상남도,창원시 마산회원구
스타벅스,경상남도,김해시
스타벅스,경상남도,창원시 마산회원구
스타벅스,경상남도,창원시 성산구
스타벅스,경상남도,양산시
스타벅스창원호계DT점,경상남도,창원시 마산회원구
스타벅스,경상남도,창원시 마산회원구
스타벅스,경상남도,창원시 의창구
스타벅스,경상남도,하동군
스타벅스창원리베라,경상남도,창원시 성산구
스타벅스,경상남도,창녕군
스타벅스,경상남도,양산시
스타벅스진주신안,경상남도,진주시
스타벅스신세계,경상남도,김해시
스타벅스김해이마트,경상남도,김해시
스타벅스,경상남도,창원시 의창구
스타벅스,경상남도,창원시 마산회원구
스타벅스,경상남도,김해시
스타벅스,경상남도,거제시
스타벅스,경상남도,통영시
스타벅스,경상남도,양산시
스타벅스,경상남도,창원시 마산합포구
스타벅스,경상남도,진주시
스타벅스,경상남도,양산시
스타벅스,경상남도,김해시
스타벅스,경상남도,창원시 성산구
스타벅스,경상남도,사천시
스타벅스,경상남도,거제시
스타벅스,경상남도,창원시 성산구
스타벅스,경상남도,김해시
스타벅스,경상남도,김해시
스타벅스,경상남도,거제시
스타벅스,경상남도,창원시 마산합포구
스타벅스,경상남도,김해시
스타벅스,경상남도,거제시
스타벅스,경상남도,김해시
스타벅스,경상남도,창원시 의창구
스타벅스,경상남도,창원시 성산구
스타벅스,경상남도,양산시
스타벅스,경상북도,구미시
스타벅스,경상북도,구미시
스타벅스,경상북도,포항시 북구
스타벅스,경상북도,구미시
스타벅스,경상북도,포항시 남구
스타벅스,경상북도,김천시
스타벅스,경상북도,영양군
스타벅스,경상북도,포항시 북구
스타벅스,경상북도,고령군
스타벅스,경상북도,안동시
스타벅스,경상북도,청도군
스타벅스,경상북도,구미시
스타벅스,경상북도,경주시
스타벅스,경상북도,포항시 북구
스타벅스,경상북도,경주시
스타벅스,경상북도,포항시 남구
스타벅스,경상북도,포항시 남구
스타벅스,경상북도,경산시
스타벅스,경상북도,구미시
스타벅스포항장성DT점,경상북도,포항시 북구
스타벅스경산중방DT점,경상북도,경산시
스타벅스경주터미널DT점,경상북도,경주시
스타벅스,경상북도,포항시 남구
스타벅스,경상북도,구미시
스타벅스,경상북도,경주시
스타벅스,경상북도,안동시
스타벅스,경상북도,포항시 남구
스타벅스,경상북도,경주시
스타벅스,경상북도,구미시
스타벅스,경상북도,경산시
스타벅스,경상북도,경산시
스타벅스,경상북도,구미시
스타벅스,경상북도,영덕군
스타벅스,경상북도,구미시
스타벅스,경상북도,문경시
스타벅스,경상북도,경산시
스타벅스,경상북도,안동시
스타벅스,경상북도,구미시
스타벅스,경상북도,포항시 남구
스타벅스김천시청디티점,경상북도,김천시
스타벅스,경상북도,경주시
스타벅스,경상북도,경산시
스타벅스,경상북도,경주시
스타벅스,경상북도,포항시 남구
스타벅스,경상북도,경산시
스타벅스,경상북도,포항시 남구
스타벅스,경상북도,안동시
스타벅스경산이마트점,경상북도,경산시
스타벅스,경상북도,포항시 북구
스타벅스,경상북도,안동시
스타벅스,경상북도,청송군
스타벅스,경상북도,성주군
스타벅스,광주광역시,서구
스타벅스,광주광역시,동구
스타벅스,광주광역시,서구
스타벅스,광주광역시,광산구
스타벅스,광주광역시,동구
스타벅스,광주광역시,북구
스타벅스,광주광역시,서구
스타벅스,광주광역시,동구
스타벅스,광주광역시,광산구
스타벅스,광주광역시,남구
스타벅스,광주광역시,서구
스타벅스,광주광역시,광산구
스타벅스,광주광역시,남구
스타벅스,광주광역시,동구
스타벅스,광주광역시,북구
스타벅스,광주광역시,광산구
스타벅스,광주광역시,남구
스타벅스,광주광역시,서구
스타벅스,광주광역시,서구
스타벅스,광주광역시,남구
스타벅스,광주광역시,서구
스타벅스,광주광역시,서구
스타벅스,광주광역시,북구
스타벅스,광주광역시,광산구
스타벅스,광주광역시,광산구
스타벅스,광주광역시,남구
스타벅스광주방림DT점,광주광역시,남구
스타벅스,광주광역시,광산구
스타벅스,광주광역시,광산구
스타벅스,광주광역시,광산구
스타벅스,광주광역시,남구
스타벅스,광주광역시,남구
스타벅스,광주광역시,동구
스타벅스,광주광역시,북구
스타벅스,광주광역시,북구
스타벅스,광주광역시,남구
스타벅스,광주광역시,동구
스타벅스광주신세계패션몰,광주광역시,서구
스타벅스,광주광역시,남구
스타벅스,광주광역시,북구
스타벅스광주송정역점,광주광역시,광산구
스타벅스,광주광역시,서구
스타벅스,광주광역시,북구
스타벅스,광주광역시,광산구
스타벅스,광주광역시,광산구
스타벅스광주흑석DT,광주광역시,광산구
스타벅스,광주광역시,북구
스타벅스,광주광역시,북구
스타벅스,광주광역시,서구
스타벅스,광주광역시,동구
스타벅스,광주광역시,북구
스타벅스,광주광역시,동구
스타벅스,광주광역시,북구
스타벅스,광주광역시,남구
스타벅스,광주광역시,동구
스타벅스,광주광역시,북구
스타벅스,광주광역시,광산구
스타벅스,대구광역시,중구
스타벅스,대구광역시,수성구
스타벅스,대구광역시,북구
스타벅스,대구광역시,수성구
스타벅스,대구광역시,동구
스타벅스,대구광역시,동구
스타벅스,대구광역시,달서구
스타벅스,대구광역시,수성구
스타벅스,대구광역시,동구
스타벅스,대구광역시,북구
스타벅스,대구광역시,수성구
스타벅스,대구광역시,중구
스타벅스,대구광역시,수성구
스타벅스,대구광역시,달서구
스타벅스,대구광역시,북구
스타벅스,대구광역시,서구
스타벅스,대구광역시,동구
스타벅스,대구광역시,달서구
스타벅스,대구광역시,남구
스타벅스,대구광역시,동구
스타벅스,대구광역시,수성구
스타벅스,대구광역시,달서구
스타벅스,대구광역시,달서구
스타벅스,대구광역시,수성구
스타벅스,대구광역시,동구
스타벅스,대구광역시,수성구
스타벅스,대구광역시,달서구
스타벅스,대구광역시,수성구
스타벅스,대구광역시,달서구
스타벅스,대구광역시,달서구
스타벅스,대구광역시,남구
스타벅스,대구광역시,달서구
스타벅스대구테크노폴리스점,대구광역시,달성군
스타벅스대구도원DT점,대구광역시,달서구
스타벅스,대구광역시,달서구
스타벅스,대구광역시,남구
스타벅스,대구광역시,수성구
스타벅스대구황금DT점,대구광역시,수성구
스타벅스,대구광역시,북구
스타벅스신세계백화점대구점,대구광역시,동구
스타벅스,대구광역시,달성군
스타벅스,대구광역시,중구
스타벅스대구수성네거리DT점,대구광역시,수성구
스타벅스,대구광역시,수성구
스타벅스,대구광역시,달서구
스타벅스,대구광역시,수성구
스타벅스,대구광역시,수성구
스타벅스동성로중앙점,대구광역시,중구
스타벅스,대구광역시,달서구
스타벅스대구유통단지점,대구광역시,북구
스타벅스,대구광역시,달서구
스타벅스,대구광역시,달성군
스타벅스,대구광역시,중구
스타벅스,대구광역시,중구
스타벅스,대구광역시,달서구
스타벅스,대구광역시,수성구
스타벅스,대구광역시,동구
스타벅스,대구광역시,수성구
스타벅스,대구광역시,수성구
스타벅스,대구광역시,동구
스타벅스,대구광역시,달서구
스타벅스,대구광역시,서구
스타벅스,대구광역시,달성군
스타벅스,대구광역시,중구
스타벅스,대구광역시,중구
스타벅스대구반월당점,대구광역시,중구
스타벅스,대구광역시,수성구
스타벅스,대구광역시,달서구
스타벅스,대구광역시,달서구
스타벅스,대전광역시,동구
스타벅스,대전광역시,서구
스타벅스,대전광역시,유성구
스타벅스,대전광역시,서구
스타벅스,대전광역시,유성구
스타벅스,대전광역시,중구
스타벅스,대전광역시,서구
스타벅스대전호텔,대전광역시,서구
스타벅스,대전광역시,서구
스타벅스,대전광역시,동구
스타벅스,대전광역시,동구
스타벅스월평트레이더스,대전광역시,서구
스타벅스,대전광역시,중구
스타벅스,대전광역시,서구
스타벅스,대전광역시,유성구
스타벅스,대전광역시,유성구
스타벅스대전둔산남로점,대전광역시,서구
스타벅스대전대사디티점,대전광역시,중구
스타벅스,대전광역시,유성구
스타벅스,대전광역시,서구
스타벅스대전신탄진DT점,대전광역시,대덕구
스타벅스,대전광역시,서구
스타벅스대전둔산로점,대전광역시,서구
스타벅스,대전광역시,서구
스타벅스,대전광역시,서구
스타벅스,대전광역시,서구
스타벅스,대전광역시,유성구
스타벅스,대전광역시,동구
스타벅스,대전광역시,유성구
스타벅스,대전광역시,대덕구
스타벅스대전태평점,대전광역시,중구
스타벅스,대전광역시,서구
스타벅스,대전광역시,유성구
스타벅스대전스타일마켓,대전광역시,동구
스타벅스,대전광역시,서구
스타벅스,대전광역시,서구
스타벅스,대전광역시,유성구
스타벅스,대전광역시,서구
스타벅스,대전광역시,유성구
스타벅스,대전광역시,대덕구
스타벅스,대전광역시,중구
스타벅스대전한남대DT,대전광역시,대덕구
스타벅스,대전광역시,서구
스타벅스,대전광역시,서구
스타벅스,대전광역시,대덕구
스타벅스,대전광역시,유성구
스타벅스,대전광역시,서구
스타벅스,대전광역시,서구
스타벅스,대전광역시,유성구
스타벅스,부산광역시,동구
스타벅스,부산광역시,연제구
스타벅스,부산광역시,연제구
스타벅스,부산광역시,사하구
스타벅스서면NC점,부산광역시,부산진구
스타벅스,부산광역시,사하구
스타벅스,부산광역시,부산진구
스타벅스,부산광역시,서구
스타벅스,부산광역시,동래구
스타벅스,부산광역시,해운대구
스타벅스,부산광역시,사상구
스타벅스,부산광역시,남구
스타벅스,부산광역시,부산진구
스타벅스,부산광역시,해운대구
스타벅스,부산광역시,해운대구
스타벅스,부산광역시,사하구
스타벅스,부산광역시,해운대구
스타벅스,부산광역시,해운대구
스타벅스,부산광역시,해운대구
스타벅스사직구장점,부산광역시,동래구
스타벅스,부산광역시,사하구
스타벅스,부산광역시,금정구
스타벅스,부산광역시,중구
스타벅스,부산광역시,강서구
스타벅스,부산광역시,서구
스타벅스,부산광역시,북구
스타벅스센텀그린타워점,부산광역시,해운대구
스타벅스,부산광역시,동래구
스타벅스,부산광역시,동구
스타벅스,부산광역시,동구
스타벅스,부산광역시,강서구
스타벅스,부산광역시,기장군
스타벅스,부산광역시,부산진구
스타벅스,부산광역시,연제구
스타벅스,부산광역시,사하구
스타벅스명지오션시티점,부산광역시,강서구
스타벅스,부산광역시,해운대구
스타벅스,부산광역시,금정구
PPANGJIP(스타벅스재능기부카페2호점),부산광역시,부산진구
스타벅스센텀KNN점,부산광역시,해운대구
스타벅스,부산광역시,해운대구
스타벅스,부산광역시,부산진구
스타벅스,부산광역시,중구
스타벅스,부산광역시,동구
스타벅스,부산광역시,금정구
스타벅스,부산광역시,금정구
스타벅스,부산광역시,해운대구
스타벅스,부산광역시,해운대구
스타벅스,부산광역시,동래구
스타벅스해운대점,부산광역시,해운대구
스타벅스동의대역점동의대역점,부산광역시,부산진구
스타벅스,부산광역시,남구
스타벅스부산재송DT점,부산광역시,해운대구
스타벅스,부산광역시,해운대구
스타벅스동부산DT,부산광역시,기장군
스타벅스을숙도강변DT점,부산광역시,사하구
스타벅스부산프리미엄점,부산광역시,기장군
스타벅스,부산광역시,해운대구
스타벅스,부산광역시,해운대구
스타벅스,부산광역시,남구
스타벅스,부산광역시,기장군
스타벅스광안비치점,부산광역시,수영구
스타벅스,부산광역시,수영구
스타벅스,부산광역시,수영구
스타벅스연산시티타워점,부산광역시,연제구
스타벅스,부산광역시,해운대구
스타벅스,부산광역시,해운대구
스타벅스동명대DT점,부산광역시,남구
스타벅스금정이마트점,부산광역시,금정구
스타벅스,부산광역시,해운대구
스타벅스,부산광역시,해운대구
스타벅스부산재송DT,부산광역시,해운대구
스타벅스,부산광역시,남구
스타벅스국제시장점,부산광역시,중구
스타벅스,부산광역시,수영구
스타벅스,부산광역시,수영구
스타벅스,부산광역시,수영구
스타벅스,부산광역시,부산진구
스타벅스부산서면,부산광역시,부산진구
스타벅스,부산광역시,부산진구
스타벅스,부산광역시,중구
스타벅스,부산광역시,부산진구
스타벅스,부산광역시,해운대구
스타벅스,부산광역시,부산진구
스타벅스,부산광역시,부산진구
스타벅스,부산광역시,금정구
스타벅스,부산광역시,해운대구
스타벅스,부산광역시,해운대구
스타벅스,부산광역시,사상구
스타벅스,부산광역시,해운대구
스타벅스부산교대역점,부산광역시,연제구
스타벅스자갈치역점,부산광역시,중구
스타벅스,부산광역시,금정구
스타벅스,부산광역시,해운대구
스타벅스,부산광역시,북구
스타벅스,부산광역시,해운대구
스타벅스,부산광역시,사하구
스타벅스센텀신세계B1,부산광역시,해운대구
스타벅스,부산광역시,해운대구
스타벅스,부산광역시,부산진구
스타벅스,부산광역시,연제구
스타벅스,부산광역시,사상구
스타벅스서면센트럴스퀘어점,부산광역시,부산진구
스타벅스서면중앙점,부산광역시,부산진구
스타벅스,부산광역시,해운대구
스타벅스,부산광역시,중구
스타벅스,부산광역시,부산진구
스타벅스,부산광역시,부산진구
스타벅스,부산광역시,동래구
스타벅스,부산광역시,사하구
스타벅스,부산광역시,중구
스타벅스,부산광역시,중구
스타벅스,부산광역시,부산진구
스타벅스,부산광역시,해운대구
스타벅스,부산광역시,영도구
스타벅스,부산광역시,남구
스타벅스,부산광역시,해운대구
스타벅스,부산광역시,금정구
스타벅스,서울특별시,종로구
스타벅스남부터미널2점,서울특별시,서초구
스타벅스,서울특별시,양천구
스타벅스미아사거리역점,서울특별시,강북구
스타벅스,서울특별시,강남구
스타벅스,서울특별시,영등포구
스타벅스중랑구청점,서울특별시,중랑구
스타벅스,서울특별시,영등포구
스타벅스,서울특별시,마포구
스타벅스,서울특별시,강남구
스타벅스,서울특별시,서초구
스타벅스,서울특별시,서초구
스타벅스,서울특별시,강남구
스타벅스구로디지털로점,서울특별시,구로구
스타벅스,서울특별시,서초구
스타벅스,서울특별시,강남구
스타벅스구로에이스트윈타워1점,서울특별시,구로구
스타벅스종로관수점,서울특별시,종로구
스타벅스논현힐탑,서울특별시,강남구
스타벅스,서울특별시,강남구
스타벅스,서울특별시,강서구
스타벅스을지로입구,서울특별시,중구
스타벅스교대역점,서울특별시,서초구
스타벅스,서울특별시,서초구
스타벅스,서울특별시,서초구
스타벅스,서울특별시,성동구
스타벅스소공로북창점,서울특별시,중구
스타벅스,서울특별시,강서구
스타벅스,서울특별시,영등포구
스타벅스,서울특별시,강남구
스타벅스,서울특별시,종로구
스타벅스,서울특별시,강남구
스타벅스고대프라자점,서울특별시,성북구
스타벅스황학캐슬점,서울특별시,중구
스타벅스,서울특별시,용산구
스타벅스,서울특별시,강서구
스타벅스신세계본점,서울특별시,중구
스타벅스,서울특별시,강남구
스타벅스,서울특별시,관악구
스타벅스신림점,서울특별시,관악구
스타벅스강남삼성타운점,서울특별시,서초구
스타벅스여의도점,서울특별시,영등포구
스타벅스,서울특별시,강서구
스타벅스,서울특별시,마포구
스타벅스,서울특별시,중구
스타벅스,서울특별시,강남구
스타벅스,서울특별시,성북구
스타벅스,서울특별시,용산구
스타벅스,서울특별시,강남구
스타벅스광화문점,서울특별시,종로구
스타벅스구산역점,서울특별시,은평구
스타벅스,서울특별시,강남구
스타벅스신촌점,서울특별시,서대문구
스타벅스,서울특별시,구로구
스타벅스숭실대점,서울특별시,동작구
스타벅스,서울특별시,영등포구
스타벅스,서울특별시,용산구
스타벅스,서울특별시,강남구
스타벅스,서울특별시,종로구
스타벅스,서울특별시,중구
스타벅스,서울특별시,광진구
스타벅스상암DMC센트럴몰점,서울특별시,마포구
스타벅스역삼역점,서울특별시,강남구
스타벅스,서울특별시,서초구
스타벅스삼청동점,서울특별시,종로구
스타벅스,서울특별시,서초구
스타벅스,서울특별시,강남구
스타벅스,서울특별시,영등포구
스타벅스,서울특별시,강남구
스타벅스,서울특별시,강동구
스타벅스,서울특별시,광진구
스타벅스,서울특별시,광진구
스타벅스,서울특별시,강동구
스타벅스홍대삼거리점,서울특별시,마포구
스타벅스,서울특별시,강남구
스타벅스광장점,서울특별시,광진구
스타벅스,서울특별시,용산구
스타벅스,서울특별시,강서구
스타벅스,서울특별시,양천구
스타벅스,서울특별시,송파구
스타벅스,서울특별시,양천구
스타벅스,서울특별시,구로구
스타벅스,서울특별시,영등포구
스타벅스신촌명물거리점,서울특별시,서대문구
스타벅스합정메세나몰점,서울특별시,마포구
스타벅스경복궁역,서울특별시,종로구
스타벅스대치점,서울특별시,강남구
스타벅스,서울특별시,서초구
스타벅스광운대점,서울특별시,노원구
스타벅스,서울특별시,중구
스타벅스,서울특별시,강남구
스타벅스,서울특별시,영등포구
스타벅스,서울특별시,서초구
스타벅스,서울특별시,송파구
스타벅스,서울특별시,마포구
스타벅스올림픽공원남문점,서울특별시,송파구
스타벅스,서울특별시,강남구
스타벅스코엑스사거리점,서울특별시,강남구
스타벅스,서울특별시,마포구
스타벅스,서울특별시,영등포구
스타벅스,서울특별시,양천구
스타벅스,서울특별시,강동구
스타벅스,서울특별시,서초구
스타벅스신압구정점,서울특별시,강남구
스타벅스,서울특별시,종로구
스타벅스명동중앙로,서울특별시,중구
스타벅스,서울특별시,서초구
스타벅스,서울특별시,강동구
스타벅스,서울특별시,용산구
스타벅스,서울특별시,종로구
스타벅스,서울특별시,중랑구
스타벅스,서울특별시,성동구
스타벅스,서울특별시,강남구
스타벅스,서울특별시,용산구
스타벅스,서울특별시,중구
스타벅스,서울특별시,종로구
스타벅스가락시장역점,서울특별시,송파구
스타벅스외대점,서울특별시,동대문구
스타벅스,서울특별시,마포구
스타벅스,서울특별시,광진구
스타벅스,서울특별시,강서구
스타벅스,서울특별시,노원구
스타벅스광화문역점,서울특별시,종로구
스타벅스,서울특별시,중구
스타벅스,서울특별시,중구
스타벅스,서울특별시,서대문구
스타벅스명동역점,서울특별시,중구
스타벅스,서울특별시,노원구
스타벅스,서울특별시,양천구
스타벅스,서울특별시,성북구
스타벅스연세백양로점,서울특별시,서대문구
스타벅스,서울특별시,중구
스타벅스,서울특별시,양천구
스타벅스,서울특별시,마포구
스타벅스,서울특별시,서초구
스타벅스W-MALL점,서울특별시,금천구
스타벅스,서울특별시,동작구
스타벅스,서울특별시,관악구
스타벅스,서울특별시,강남구
스타벅스월드컵경기장점,서울특별시,마포구
스타벅스,서울특별시,영등포구
스타벅스,서울특별시,강동구
스타벅스,서울특별시,영등포구
스타벅스,서울특별시,영등포구
스타벅스,서울특별시,도봉구
스타벅스,서울특별시,광진구
스타벅스,서울특별시,중구
스타벅스,서울특별시,성북구
스타벅스,서울특별시,금천구
스타벅스,서울특별시,종로구
스타벅스서초파라곤점,서울특별시,서초구
스타벅스,서울특별시,광진구
스타벅스,서울특별시,강남구
스타벅스,서울특별시,중구
스타벅스,서울특별시,중랑구
스타벅스,서울특별시,강남구
스타벅스,서울특별시,동작구
스타벅스,서울특별시,도봉구
스타벅스,서울특별시,마포구
스타벅스,서울특별시,중구
스타벅스,서울특별시,서초구
스타벅스,서울특별시,송파구
스타벅스,서울특별시,강남구
스타벅스가산디지털단지점,서울특별시,금천구
스타벅스,서울특별시,금천구
스타벅스,서울특별시,중구
스타벅스노원케이티점,서울특별시,노원구
스타벅스강변역점,서울특별시,광진구
스타벅스오목교역점,서울특별시,양천구
스타벅스한성대입구역점,서울특별시,성북구
스타벅스,서울특별시,마포구
스타벅스,서울특별시,중구
스타벅스,서울특별시,영등포구
스타벅스,서울특별시,송파구
스타벅스,서울특별시,서초구
스타벅스,서울특별시,구로구
스타벅스,서울특별시,광진구
스타벅스동묘앞역점동묘앞역점,서울특별시,종로구
스타벅스,서울특별시,강남구
스타벅스포스코사거리점,서울특별시,강남구
스타벅스,서울특별시,서대문구
스타벅스,서울특별시,송파구
스타벅스,서울특별시,영등포구
스타벅스,서울특별시,중구
스타벅스,서울특별시,영등포구
스타벅스종암점,서울특별시,성북구
스타벅스,서울특별시,금천구
스타벅스,서울특별시,중구
스타벅스,서울특별시,용산구
스타벅스,서울특별시,강서구
스타벅스신설동역점,서울특별시,동대문구
스타벅스,서울특별시,성북구
스타벅스문정역점,서울특별시,송파구
스타벅스,서울특별시,강서구
스타벅스,서울특별시,금천구
스타벅스둔촌동점,서울특별시,강동구
스타벅스,서울특별시,양천구
스타벅스,서울특별시,송파구
스타벅스,서울특별시,영등포구
스타벅스경희대삼거리점,서울특별시,동대문구
스타벅스,서울특별시,성북구
스타벅스,서울특별시,송파구
스타벅스,서울특별시,마포구
스타벅스대치은마사거리점,서울특별시,강남구
스타벅스,서울특별시,중구
스타벅스송파방이DT점,서울특별시,송파구
스타벅스서소문배재점,서울특별시,중구
스타벅스숙대점,서울특별시,용산구
스타벅스강동역점,서울특별시,강동구
스타벅스,서울특별시,광진구
스타벅스,서울특별시,영등포구
스타벅스,서울특별시,관악구
스타벅스방화DT,서울특별시,강서구
스타벅스,서울특별시,서초구
스타벅스,서울특별시,중구
스타벅스종로3가점,서울특별시,종로구
스타벅스,서울특별시,강남구
스타벅스,서울특별시,마포구
스타벅스강남오거리점,서울특별시,강남구
스타벅스압구정점,서울특별시,강남구
스타벅스가산디지털단지역점,서울특별시,금천구
스타벅스,서울특별시,강서구
스타벅스,서울특별시,송파구
스타벅스마포이마트점,서울특별시,마포구
스타벅스명동입구점,서울특별시,중구
스타벅스약수역점,서울특별시,중구
스타벅스회현역점,서울특별시,중구
스타벅스숭실대입구역점,서울특별시,동작구
스타벅스,서울특별시,구로구
스타벅스새문안로점,서울특별시,종로구
스타벅스,서울특별시,마포구
스타벅스중구저동점,서울특별시,중구
스타벅스,서울특별시,중구
스타벅스,서울특별시,영등포구
스타벅스대치사거리점,서울특별시,강남구
스타벅스,서울특별시,중구
스타벅스커피여의도IFC1F,서울특별시,영등포구
스타벅스,서울특별시,영등포구
스타벅스,서울특별시,동작구
스타벅스,서울특별시,종로구
스타벅스,서울특별시,광진구
스타벅스강남점,서울특별시,강남구
스타벅스가든파이브,서울특별시,송파구
스타벅스연대동문,서울특별시,서대문구
스타벅스커피가산브이타워,서울특별시,금천구
스타벅스,서울특별시,강남구
스타벅스차병원사거리점,서울특별시,강남구
스타벅스,서울특별시,서대문구
스타벅스,서울특별시,서초구
스타벅스낙성대DT점,서울특별시,관악구
스타벅스압구정로데오역,서울특별시,강남구
스타벅스,서울특별시,송파구
스타벅스구파발역점,서울특별시,은평구
스타벅스성신여대정문,서울특별시,성북구
스타벅스커피마포염리,서울특별시,마포구
스타벅스,서울특별시,영등포구
스타벅스,서울특별시,강북구
스타벅스,서울특별시,송파구
스타벅스,서울특별시,양천구
스타벅스,서울특별시,용산구
스타벅스화곡DT점,서울특별시,강서구
스타벅스문정하비오점,서울특별시,송파구
스타벅스,서울특별시,중구
스타벅스월계이마트점,서울특별시,노원구
스타벅스송파위례점,서울특별시,송파구
스타벅스,서울특별시,강남구
스타벅스,서울특별시,영등포구
스타벅스,서울특별시,마포구
스타벅스,서울특별시,강남구
스타벅스,서울특별시,종로구
스타벅스,서울특별시,관악구
스타벅스,서울특별시,중구
스타벅스,서울특별시,금천구
스타벅스방이역점,서울특별시,송파구
스타벅스,서울특별시,중구
스타벅스,서울특별시,은평구
스타벅스,서울특별시,서초구
스타벅스구로디지털타워점,서울특별시,구로구
스타벅스,서울특별시,은평구
스타벅스,서울특별시,강남구
스타벅스,서울특별시,강동구
스타벅스,서울특별시,용산구
스타벅스,서울특별시,강서구
스타벅스,서울특별시,서대문구
스타벅스잠실대교남단점,서울특별시,송파구
스타벅스역점,서울특별시,동작구
스타벅스신도림점,서울특별시,구로구
스타벅스,서울특별시,서초구
스타벅스송파구청점,서울특별시,송파구
스타벅스,서울특별시,서대문구
스타벅스,서울특별시,은평구
스타벅스건국클래식점,서울특별시,광진구
스타벅스,서울특별시,송파구
스타벅스을지로센타,서울특별시,중구
스타벅스예술의전당점,서울특별시,서초구
스타벅스연희DT점,서울특별시,서대문구
스타벅스숙대입구역점,서울특별시,용산구
스타벅스,서울특별시,중랑구
스타벅스삼선교점,서울특별시,성북구
스타벅스신천역점,서울특별시,송파구
스타벅스,서울특별시,강동구
스타벅스신림사거리점,서울특별시,관악구
스타벅스,서울특별시,동대문구
스타벅스,서울특별시,관악구
스타벅스,서울특별시,용산구
스타벅스,서울특별시,강남구
스타벅스,서울특별시,동작구
스타벅스,서울특별시,송파구
스타벅스,서울특별시,송파구
스타벅스,서울특별시,서초구
스타벅스,서울특별시,성북구
스타벅스,서울특별시,성동구
스타벅스외대정문점,서울특별시,동대문구
스타벅스,서울특별시,강남구
스타벅스,서울특별시,서대문구
스타벅스서울대역점,서울특별시,관악구
스타벅스서강광흥창역점,서울특별시,마포구
스타벅스,서울특별시,강동구
스타벅스공릉역점,서울특별시,노원구
스타벅스이수역사거리점,서울특별시,서초구
스타벅스충정타워,서울특별시,서대문구
스타벅스강남우성점,서울특별시,강남구
스타벅스청담영동대로점,서울특별시,강남구
스타벅스종각점,서울특별시,종로구
스타벅스중랑역점,서울특별시,중랑구
스타벅스상암디지털큐브점상암디지털큐브점,서울특별시,마포구
스타벅스,서울특별시,강남구
스타벅스,서울특별시,강남구
스타벅스,서울특별시,서초구
스타벅스,서울특별시,종로구
스타벅스,서울특별시,동대문구
스타벅스,서울특별시,서대문구
스타벅스이수역점,서울특별시,서초구
스타벅스,서울특별시,중구
스타벅스양천향교역점,서울특별시,강서구
스타벅스,서울특별시,양천구
스타벅스,서울특별시,동작구
스타벅스,서울특별시,종로구
스타벅스삼성도심공항점,서울특별시,강남구
스타벅스,서울특별시,강남구
스타벅스,서울특별시,영등포구
스타벅스,서울특별시,강남구
스타벅스명동길점,서울특별시,중구
스타벅스,서울특별시,광진구
스타벅스,서울특별시,양천구
스타벅스종로수송점,서울특별시,종로구
스타벅스선정릉역점,서울특별시,강남구
스타벅스,서울특별시,강북구
스타벅스뱅뱅사거리점,서울특별시,강남구
스타벅스마포트라팰점,서울특별시,마포구
스타벅스학여울점,서울특별시,강남구
스타벅스,서울특별시,서초구
스타벅스,서울특별시,광진구
스타벅스,서울특별시,종로구
스타벅스,서울특별시,서대문구
스타벅스,서울특별시,서대문구
스타벅스,서울특별시,관악구
스타벅스,서울특별시,강남구
스타벅스,서울특별시,관악구
스타벅스,서울특별시,송파구
스타벅스,서울특별시,종로구
스타벅스,서울특별시,성동구
스타벅스,서울특별시,종로구
스타벅스,서울특별시,금천구
스타벅스,서울특별시,용산구
스타벅스,서울특별시,강남구
스타벅스,서울특별시,서초구
스타벅스마곡나루역점,서울특별시,강서구
스타벅스노원마들역점,서울특별시,노원구
스타벅스,서울특별시,서초구
스타벅스올림픽평화의문점,서울특별시,송파구
스타벅스,서울특별시,강서구
스타벅스,서울특별시,영등포구
스타벅스,서울특별시,영등포구
스타벅스,서울특별시,강남구
스타벅스,서울특별시,서초구
스타벅스,서울특별시,마포구
스타벅스,서울특별시,은평구
스타벅스,서울특별시,강남구
스타벅스,서울특별시,서초구
스타벅스,서울특별시,성북구
스타벅스,서울특별시,서초구
스타벅스,서울특별시,동대문구
스타벅스석촌역,서울특별시,송파구
스타벅스,서울특별시,서대문구
스타벅스,서울특별시,중구
스타벅스,서울특별시,서대문구
스타벅스미아역점,서울특별시,강북구
스타벅스,서울특별시,강남구
스타벅스,서울특별시,강남구
스타벅스선릉로점,서울특별시,강남구
스타벅스,서울특별시,동작구
스타벅스,서울특별시,강남구
스타벅스,서울특별시,노원구
스타벅스신대방삼거리역점,서울특별시,동작구
스타벅스,서울특별시,광진구
스타벅스,서울특별시,강서구
스타벅스,서울특별시,중랑구
스타벅스,서울특별시,중구
스타벅스,서울특별시,마포구
스타벅스천호로데오점,서울특별시,강동구
스타벅스마포일진빌딩점,서울특별시,마포구
스타벅스,서울특별시,송파구
스타벅스,서울특별시,용산구
스타벅스,서울특별시,송파구
스타벅스,서울특별시,강동구
스타벅스,서울특별시,송파구
스타벅스,서울특별시,종로구
스타벅스,서울특별시,송파구
스타벅스,서울특별시,중구
스타벅스,서울특별시,강남구
스타벅스용산역점,서울특별시,용산구
스타벅스,서울특별시,동작구
스타벅스,서울특별시,금천구
스타벅스,서울특별시,강남구
스타벅스,서울특별시,성북구
스타벅스,서울특별시,노원구
스타벅스,서울특별시,구로구
스타벅스,서울특별시,송파구
스타벅스역삼럭키,서울특별시,강남구
스타벅스명동메트로,서울특별시,중구
스타벅스,서울특별시,강남구
스타벅스,서울특별시,성북구
스타벅스,서울특별시,강남구
스타벅스경복아파트점,서울특별시,강남구
스타벅스,서울특별시,마포구
스타벅스,서울특별시,영등포구
스타벅스커리학동사거리점,서울특별시,강남구
스타벅스,서울특별시,강북구
스타벅스중계역점,서울특별시,노원구
스타벅스,서울특별시,강남구
스타벅스,서울특별시,서초구
스타벅스,서울특별시,서초구
스타벅스,서울특별시,종로구
스타벅스,서울특별시,강남구
스타벅스,서울특별시,강남구
스타벅스석촌서호점,서울특별시,송파구
스타벅스마포아크로타워점,서울특별시,마포구
스타벅스,서울특별시,서초구
스타벅스서울중앙우체국점,서울특별시,중구
스타벅스,서울특별시,동대문구
스타벅스,서울특별시,서초구
스타벅스,서울특별시,중구
스타벅스,서울특별시,서초구
스타벅스,서울특별시,중구
스타벅스구로하이엔드점,서울특별시,구로구
스타벅스,서울특별시,성동구
스타벅스,서울특별시,강동구
스타벅스목동점,서울특별시,양천구
스타벅스삼성교점,서울특별시,강남구
스타벅스,서울특별시,용산구
스타벅스,서울특별시,강남구
스타벅스,서울특별시,용산구
스타벅스,서울특별시,동대문구
스타벅스,서울특별시,영등포구
스타벅스,서울특별시,영등포구
스타벅스,서울특별시,양천구
스타벅스,서울특별시,성북구
스타벅스,서울특별시,종로구
스타벅스,서울특별시,양천구
스타벅스,서울특별시,강남구
스타벅스,서울특별시,광진구
스타벅스,서울특별시,강남구
스타벅스,서울특별시,광진구
스타벅스,서울특별시,노원구
스타벅스,서울특별시,용산구
스타벅스,서울특별시,강남구
스타벅스세종종촌점,세종특별자치시,세종특별자치시
스타벅스,세종특별자치시,세종특별자치시
스타벅스,세종특별자치시,세종특별자치시
스타벅스세종어진점,세종특별자치시,세종특별자치시
스타벅스,세종특별자치시,세종특별자치시
스타벅스,세종특별자치시,세종특별자치시
스타벅스,세종특별자치시,세종특별자치시
스타벅스,울산광역시,북구
스타벅스,울산광역시,남구
스타벅스,울산광역시,남구
스타벅스,울산광역시,동구
스타벅스울산중리사거리DT점,울산광역시,남구
스타벅스,울산광역시,울주군
스타벅스,울산광역시,남구
스타벅스울산남구청DT점,울산광역시,남구
스타벅스,울산광역시,중구
스타벅스,울산광역시,남구
스타벅스,울산광역시,북구
스타벅스,울산광역시,중구
스타벅스,울산광역시,중구
스타벅스,울산광역시,북구
스타벅스,울산광역시,북구
스타벅스,울산광역시,중구
스타벅스울산진장점,울산광역시,북구
스타벅스울산성남삼거리점,울산광역시,중구
스타벅스,울산광역시,남구
스타벅스,울산광역시,중구
스타벅스,울산광역시,남구
스타벅스,울산광역시,동구
스타벅스울산삼산타워점,울산광역시,남구
스타벅스울산신복점,울산광역시,남구
스타벅스,울산광역시,남구
스타벅스,울산광역시,남구
스타벅스,울산광역시,남구
스타벅스,울산광역시,남구
스타벅스,인천광역시,부평구
스타벅스부평역점,인천광역시,부평구
스타벅스,인천광역시,미추홀구
스타벅스,인천광역시,동구
스타벅스,인천광역시,연수구
스타벅스,인천광역시,부평구
스타벅스,인천광역시,미추홀구
스타벅스,인천광역시,남동구
스타벅스,인천광역시,미추홀구
스타벅스인천논현점,인천광역시,남동구
스타벅스인천간석DT점,인천광역시,남동구
스타벅스,인천광역시,부평구
스타벅스,인천광역시,연수구
스타벅스,인천광역시,서구
스타벅스인천갈산DT,인천광역시,부평구
스타벅스,인천광역시,계양구
스타벅스,인천광역시,남동구
스타벅스,인천광역시,중구
스타벅스,인천광역시,중구
스타벅스,인천광역시,서구
스타벅스,인천광역시,연수구
스타벅스,인천광역시,연수구
스타벅스,인천광역시,계양구
스타벅스,인천광역시,서구
스타벅스,인천광역시,부평구
스타벅스신세계인천,인천광역시,미추홀구
스타벅스,인천광역시,서구
스타벅스,인천광역시,계양구
스타벅스,인천광역시,미추홀구
스타벅스인천서창점,인천광역시,남동구
스타벅스,인천광역시,옹진군
스타벅스송도캠퍼스타운역,인천광역시,연수구
스타벅스,인천광역시,연수구
스타벅스인천청라타워돔,인천광역시,서구
스타벅스,인천광역시,중구
스타벅스,인천광역시,중구
스타벅스간석DT점,인천광역시,남동구
스타벅스,인천광역시,남동구
스타벅스,인천광역시,서구
스타벅스,인천광역시,미추홀구
스타벅스,인천광역시,연수구
스타벅스,인천광역시,부평구
스타벅스인천송도DT,인천광역시,연수구
스타벅스송도트리플점,인천광역시,연수구
스타벅스동암역,인천광역시,부평구
스타벅스,인천광역시,남동구
스타벅스,인천광역시,연수구
스타벅스,인천광역시,부평구
스타벅스,인천광역시,미추홀구
스타벅스,인천광역시,서구
스타벅스,인천광역시,강화군
스타벅스,인천광역시,연수구
스타벅스송도센트럴파크,인천광역시,연수구
스타벅스,인천광역시,남동구
스타벅스인천용현DT점,인천광역시,미추홀구
스타벅스송림트레이더스,인천광역시,동구
스타벅스,인천광역시,서구
스타벅스,인천광역시,서구
스타벅스,인천광역시,미추홀구
스타벅스,인천광역시,남동구
스타벅스,인천광역시,계양구
스타벅스,인천광역시,미추홀구
스타벅스,인천광역시,연수구
스타벅스,인천광역시,남동구
스타벅스,인천광역시,연수구
스타벅스,인천광역시,서구
스타벅스,인천광역시,남동구
스타벅스,전라남도,여수시
스타벅스,전라남도,순천시
스타벅스,전라남도,여수시
스타벅스,전라남도,여수시
스타벅스,전라남도,여수시
스타벅스,전라남도,목포시
스타벅스,전라남도,목포시
스타벅스,전라남도,목포시
스타벅스,전라남도,순천시
스타벅스여수둔덕DT점,전라남도,여수시
스타벅스,전라남도,목포시
스타벅스,전라남도,광양시
스타벅스,전라남도,나주시
스타벅스여수둔덕DT점,전라남도,여수시
스타벅스,전라남도,광양시
스타벅스,전라남도,목포시
스타벅스,전라남도,순천시
스타벅스,전라남도,진도군
스타벅스,전라남도,순천시
스타벅스,전라남도,여수시
스타벅스,전라남도,순천시
스타벅스,전라남도,무안군
스타벅스,전라남도,여수시
스타벅스,전라북도,전주시 완산구
스타벅스,전라북도,군산시
스타벅스,전라북도,전주시 덕진구
스타벅스,전라북도,익산시
스타벅스,전라북도,전주시 완산구
스타벅스,전라북도,전주시 덕진구
스타벅스,전라북도,전주시 덕진구
스타벅스,전라북도,임실군
스타벅스,전라북도,군산시
스타벅스,전라북도,전주시 완산구
스타벅스,전라북도,익산시
스타벅스,전라북도,익산시
스타벅스,전라북도,전주시 덕진구
스타벅스,전라북도,전주시 완산구
스타벅스,전라북도,전주시 덕진구
스타벅스,전라북도,전주시 덕진구
스타벅스익산영등DT점,전라북도,익산시
스타벅스,전라북도,전주시 완산구
스타벅스,전라북도,전주시 완산구
스타벅스,전라북도,부안군
스타벅스,전라북도,전주시 완산구
스타벅스,전라북도,전주시 완산구
스타벅스,전라북도,전주시 완산구
스타벅스,전라북도,군산시
스타벅스,전라북도,전주시 완산구
스타벅스,전라북도,군산시
스타벅스,제주특별자치도,서귀포시
스타벅스,제주특별자치도,서귀포시
스타벅스,제주특별자치도,제주시
스타벅스,제주특별자치도,제주시
스타벅스,제주특별자치도,제주시
스타벅스,제주특별자치도,제주시
스타벅스,제주특별자치도,제주시
스타벅스,제주특별자치도,제주시
스타벅스,제주특별자치도,제주시
스타벅스제주서귀포점,제주특별자치도,서귀포시
스타벅스제주중문DT,제주특별자치도,서귀포시
스타벅스제주중문DT점,제주특별자치도,서귀포시
스타벅스,제주특별자치도,서귀포시
스타벅스,제주특별자치도,제주시
스타벅스,제주특별자치도,제주시
스타벅스,제주특별자치도,제주시
스타벅스,제주특별자치도,서귀포시
스타벅스커피제주용담DT,제주특별자치도,제주시
스타벅스제주노형공원점,제주특별자치도,제주시
스타벅스제주애월DT점,제주특별자치도,제주시
스타벅스서귀포DT,제주특별자치도,서귀포시
스타벅스,제주특별자치도,서귀포시
스타벅스제주노형점,제주특별자치도,제주시
스타벅스,제주특별자치도,서귀포시
스타벅스,제주특별자치도,제주시
스타벅스,충청남도,천안시 서북구
스타벅스천안ICDT점,충청남도,천안시 동남구
스타벅스,충청남도,공주시
스타벅스,충청남도,천안시 서북구
스타벅스,충청남도,천안시 동남구
스타벅스,충청남도,천안시 동남구
스타벅스,충청남도,천안시 동남구
스타벅스,충청남도,천안시 서북구
스타벅스,충청남도,보령시
스타벅스,충청남도,당진시
스타벅스,충청남도,천안시 서북구
스타벅스,충청남도,아산시
스타벅스,충청남도,천안시 서북구
스타벅스,충청남도,천안시 서북구
스타벅스,충청남도,천안시 서북구
스타벅스,충청남도,아산시
스타벅스,충청남도,서산시
스타벅스,충청남도,천안시 서북구
스타벅스,충청남도,천안시 동남구
스타벅스,충청남도,천안시 서북구
스타벅스,충청남도,서천군
스타벅스천안쌍용역점,충청남도,천안시 서북구
스타벅스,충청남도,논산시
스타벅스,충청남도,천안시 서북구
스타벅스,충청남도,아산시
스타벅스,충청남도,예산군
스타벅스,충청남도,당진시
스타벅스,충청남도,공주시
스타벅스,충청남도,아산시
스타벅스,충청남도,서산시
스타벅스,충청남도,천안시 서북구
스타벅스,충청남도,청양군
스타벅스계룡대로DT점,충청남도,계룡시
스타벅스,충청남도,서산시
스타벅스,충청남도,아산시
스타벅스,충청남도,논산시
스타벅스,충청남도,서천군
스타벅스,충청남도,천안시 서북구
스타벅스청주성화점,충청북도,청주시 서원구
스타벅스,충청북도,청주시 흥덕구
스타벅스오창호수공원점,충청북도,청주시 청원구
스타벅스청주지웰시티점,충청북도,청주시 흥덕구
스타벅스청주서문점,충청북도,청주시 상당구
스타벅스,충청북도,청주시 청원구
스타벅스,충청북도,충주시
스타벅스,충청북도,음성군
스타벅스,충청북도,증평군
스타벅스,충청북도,청주시 서원구
스타벅스,충청북도,청주시 흥덕구
스타벅스,충청북도,보은군
스타벅스,충청북도,청주시 상당구
스타벅스청주봉명DT점,충청북도,청주시 흥덕구
스타벅스현대충청점,충청북도,청주시 흥덕구
스타벅스,충청북도,청주시 상당구
스타벅스,충청북도,충주시
스타벅스,충청북도,청주시 상당구
스타벅스,충청북도,청주시 흥덕구
스타벅스청주지웰씨티,충청북도,청주시 흥덕구
스타벅스,충청북도,청주시 서원구
스타벅스현대충청,충청북도,청주시 흥덕구
스타벅스,충청북도,충주시
스타벅스,충청북도,제천시
스타벅스,충청북도,청주시 서원구
스타벅스,충청북도,청주시 청원구
스타벅스,충청북도,충주시
스타벅스,충청북도,음성군
스타벅스,충청북도,제천시
